CustomerID,Gender,Married,ApplicantIncome,LoanAmount,Loan_Approved,ApplicationDate
CUST0001,Male,No,22491.0,582.0,N,2023-01-01
CUST0002,Female,Yes,3341.0,618.0,Y,2023-01-02
CUST0003,,Yes,13855.0,254.0,N,2023-01-03
CUST0004,Male,Yes,2338.0,191.0,N,2023-01-04
CUST0005,Male,,7895.0,,Y,2023-01-05
CUST0006,Female,Yes,,554.0,Y,2023-01-06
CUST0007,Male,No,21092.0,697.0,N,2023-01-07
CUST0008,Male,Yes,13344.0,609.0,Y,2023-01-08
CUST0009,Male,No,3750.0,282.0,N,2023-01-09
CUST0010,Female,No,23988.0,485.0,N,2023-01-10
CUST0011,Male,Yes,4421.0,673.0,Y,2023-01-11
CUST0012,Male,Yes,9119.0,504.0,Y,2023-01-12
CUST0013,Male,No,7319.0,345.0,N,2023-01-13
CUST0014,Male,Yes,17896.0,690.0,Y,2023-01-14
CUST0015,Female,Yes,24993.0,570.0,Y,2023-01-15
CUST0016,Male,No,23771.0,522.0,Y,2023-01-16
CUST0017,Female,No,13918.0,164.0,Y,2023-01-17
CUST0018,Female,Yes,22377.0,112.0,N,2023-01-18
CUST0019,Female,No,15849.0,312.0,N,2023-01-19
CUST0020,Male,Yes,6873.0,341.0,Y,2023-01-20
CUST0021,Female,Yes,6806.0,592.0,Y,2023-01-21
CUST0022,Male,Yes,10592.0,312.0,Y,2023-01-22
CUST0023,Female,No,14182.0,437.0,N,2023-01-23
CUST0024,,No,24297.0,272.0,Y,2023-01-24
CUST0025,Female,No,21541.0,263.0,Y,2023-01-25
CUST0026,Female,No,18774.0,564.0,Y,2023-01-26
CUST0027,Female,No,14045.0,596.0,Y,2023-01-27
CUST0028,Female,Yes,6430.0,494.0,N,2023-01-28
CUST0029,Female,Yes,10820.0,407.0,Y,2023-01-29
CUST0030,Female,Yes,6232.0,282.0,Y,2023-01-30
CUST0031,Male,Yes,13122.0,609.0,Y,2023-01-31
CUST0032,Male,No,,645.0,N,2023-02-01
CUST0033,Female,Yes,10007.0,663.0,Y,2023-02-02
CUST0034,Female,No,,693.0,Y,2023-02-03
CUST0035,Female,Yes,11018.0,326.0,Y,2023-02-04
CUST0036,Male,No,3500.0,535.0,N,2023-02-05
CUST0037,Female,No,8737.0,521.0,Y,2023-02-06
CUST0038,Male,Yes,5294.0,653.0,Y,2023-02-07
CUST0039,Male,,23469.0,120.0,Y,2023-02-08
CUST0040,,,20803.0,653.0,N,2023-02-09
CUST0041,Male,Yes,21426.0,496.0,Y,2023-02-10
CUST0042,Male,No,6497.0,204.0,N,2023-02-11
CUST0043,Female,Yes,19850.0,291.0,Y,2023-02-12
CUST0044,Female,Yes,21945.0,116.0,Y,2023-02-13
CUST0045,Female,No,2614.0,219.0,Y,2023-02-14
CUST0046,Female,Yes,23776.0,492.0,N,2023-02-15
CUST0047,Female,Yes,11374.0,524.0,Y,2023-02-16
CUST0048,Male,Yes,21607.0,228.0,N,2023-02-17
CUST0049,Female,Yes,4667.0,229.0,N,2023-02-18
CUST0050,Female,Yes,,671.0,Y,2023-02-19
CUST0051,Male,No,18514.0,659.0,N,2023-02-20
CUST0052,Female,Yes,4983.0,128.0,N,2023-02-21
CUST0053,Male,Yes,22662.0,196.0,Y,2023-02-22
CUST0054,Female,Yes,14651.0,109.0,Y,2023-02-23
CUST0055,,Yes,10230.0,341.0,N,2023-02-24
CUST0056,Female,Yes,8640.0,331.0,Y,2023-02-25
CUST0057,Female,No,13779.0,383.0,N,2023-02-26
CUST0058,Male,Yes,23852.0,299.0,N,2023-02-27
CUST0059,,No,17317.0,178.0,Y,2023-02-28
CUST0060,Male,,,272.0,Y,2023-03-01
CUST0061,Male,Yes,,,Y,2023-03-02
CUST0062,,Yes,17520.0,680.0,Y,2023-03-03
CUST0063,Male,Yes,15737.0,515.0,Y,2023-03-04
CUST0064,Male,Yes,11323.0,548.0,Y,2023-03-05
CUST0065,Male,No,17229.0,186.0,Y,2023-03-06
CUST0066,Female,Yes,13713.0,200.0,N,2023-03-07
CUST0067,Female,Yes,10502.0,107.0,N,2023-03-08
CUST0068,Male,Yes,21625.0,299.0,Y,2023-03-09
CUST0069,Female,Yes,2545.0,604.0,Y,2023-03-10
CUST0070,Female,Yes,6346.0,186.0,Y,2023-03-11
CUST0071,Female,Yes,11996.0,142.0,Y,2023-03-12
CUST0072,Female,No,17775.0,484.0,N,2023-03-13
CUST0073,Male,No,15919.0,534.0,N,2023-03-14
CUST0074,,Yes,5810.0,507.0,N,2023-03-15
CUST0075,Male,Yes,9206.0,582.0,N,2023-03-16
CUST0076,Female,Yes,11005.0,116.0,Y,2023-03-17
CUST0077,Female,No,18371.0,247.0,N,2023-03-18
CUST0078,Female,Yes,14316.0,376.0,Y,2023-03-19
CUST0079,Male,No,20416.0,331.0,N,2023-03-20
CUST0080,Female,Yes,10436.0,465.0,Y,2023-03-21
CUST0081,Male,Yes,14984.0,,N,2023-03-22
CUST0082,,Yes,2271.0,535.0,N,2023-03-23
CUST0083,Male,Yes,21895.0,498.0,Y,2023-03-24
CUST0084,Female,,20155.0,310.0,Y,2023-03-25
CUST0085,Male,No,12616.0,490.0,N,2023-03-26
CUST0086,Male,,6361.0,598.0,Y,2023-03-27
CUST0087,Female,Yes,9069.0,639.0,Y,2023-03-28
CUST0088,Male,No,19304.0,,Y,2023-03-29
CUST0089,Female,No,5430.0,590.0,Y,2023-03-30
CUST0090,Female,No,22819.0,541.0,N,2023-03-31
CUST0091,Female,No,14676.0,360.0,Y,2023-04-01
CUST0092,Female,Yes,12816.0,449.0,Y,2023-04-02
CUST0093,Female,No,22144.0,451.0,Y,2023-04-03
CUST0094,Female,Yes,4050.0,,Y,2023-04-04
CUST0095,Female,No,13692.0,419.0,Y,2023-04-05
CUST0096,Female,No,3165.0,237.0,Y,2023-04-06
CUST0097,Female,No,4033.0,649.0,Y,2023-04-07
CUST0098,Female,No,24851.0,467.0,Y,2023-04-08
CUST0099,Female,No,2145.0,319.0,N,2023-04-09
CUST0100,Male,Yes,16269.0,436.0,Y,2023-04-10
CUST0101,Male,Yes,22772.0,322.0,Y,2023-04-11
CUST0102,Female,,9832.0,459.0,Y,2023-04-12
CUST0103,Female,No,16286.0,428.0,Y,2023-04-13
CUST0104,Female,Yes,4632.0,562.0,Y,2023-04-14
CUST0105,Female,No,6494.0,660.0,Y,2023-04-15
CUST0106,Female,No,17152.0,481.0,N,2023-04-16
CUST0107,Female,Yes,11155.0,689.0,Y,2023-04-17
CUST0108,Female,No,12426.0,268.0,Y,2023-04-18
CUST0109,Female,No,12233.0,316.0,N,2023-04-19
CUST0110,Male,Yes,3828.0,477.0,Y,2023-04-20
CUST0111,Female,Yes,14260.0,218.0,Y,2023-04-21
CUST0112,Male,Yes,11130.0,289.0,Y,2023-04-22
CUST0113,Female,No,6805.0,469.0,Y,2023-04-23
CUST0114,Female,Yes,2806.0,248.0,N,2023-04-24
CUST0115,Male,Yes,,587.0,N,2023-04-25
CUST0116,Female,Yes,3868.0,473.0,N,2023-04-26
CUST0117,Male,Yes,16561.0,259.0,Y,2023-04-27
CUST0118,Female,Yes,17512.0,450.0,Y,2023-04-28
CUST0119,Female,Yes,16899.0,387.0,Y,2023-04-29
CUST0120,Male,No,24074.0,387.0,Y,2023-04-30
CUST0121,Female,No,18220.0,325.0,Y,2023-05-01
CUST0122,Male,Yes,17934.0,622.0,N,2023-05-02
CUST0123,Female,Yes,7429.0,621.0,Y,2023-05-03
CUST0124,Male,,,372.0,Y,2023-05-04
CUST0125,Male,No,5564.0,501.0,Y,2023-05-05
CUST0126,Female,No,3389.0,282.0,Y,2023-05-06
CUST0127,Female,No,13593.0,587.0,Y,2023-05-07
CUST0128,Male,No,9274.0,223.0,N,2023-05-08
CUST0129,Female,No,19208.0,513.0,Y,2023-05-09
CUST0130,Female,No,20649.0,271.0,N,2023-05-10
CUST0131,Female,No,19320.0,387.0,Y,2023-05-11
CUST0132,Male,No,12745.0,534.0,N,2023-05-12
CUST0133,Male,No,24786.0,212.0,N,2023-05-13
CUST0134,Male,Yes,16199.0,221.0,Y,2023-05-14
CUST0135,Male,Yes,22229.0,643.0,Y,2023-05-15
CUST0136,Male,Yes,17876.0,321.0,N,2023-05-16
CUST0137,Male,Yes,20180.0,138.0,Y,2023-05-17
CUST0138,Male,No,10245.0,596.0,N,2023-05-18
CUST0139,Male,No,9214.0,332.0,Y,2023-05-19
CUST0140,Male,Yes,2726.0,629.0,Y,2023-05-20
CUST0141,Female,No,21120.0,248.0,N,2023-05-21
CUST0142,Male,,15832.0,496.0,N,2023-05-22
CUST0143,Female,No,13362.0,401.0,Y,2023-05-23
CUST0144,Female,Yes,20297.0,459.0,N,2023-05-24
CUST0145,Female,No,12106.0,,Y,2023-05-25
CUST0146,Male,No,9657.0,335.0,Y,2023-05-26
CUST0147,Male,Yes,20850.0,302.0,Y,2023-05-27
CUST0148,Male,No,16551.0,355.0,Y,2023-05-28
CUST0149,Male,Yes,9906.0,697.0,N,2023-05-29
CUST0150,Female,Yes,23260.0,334.0,Y,2023-05-30
CUST0151,Male,Yes,9287.0,444.0,Y,2023-05-31
CUST0152,Male,Yes,2892.0,633.0,Y,2023-06-01
CUST0153,Male,No,12222.0,565.0,Y,2023-06-02
CUST0154,Male,No,6675.0,640.0,Y,2023-06-03
CUST0155,Male,No,3933.0,312.0,N,2023-06-04
CUST0156,Female,,19764.0,562.0,Y,2023-06-05
CUST0157,Male,No,,535.0,N,2023-06-06
CUST0158,,Yes,19674.0,382.0,N,2023-06-07
CUST0159,Male,No,20024.0,661.0,Y,2023-06-08
CUST0160,Female,,15239.0,,N,2023-06-09
CUST0161,Male,No,12874.0,506.0,N,2023-06-10
CUST0162,Male,Yes,19602.0,187.0,Y,2023-06-11
CUST0163,Female,No,7016.0,143.0,Y,2023-06-12
CUST0164,Female,No,15774.0,560.0,Y,2023-06-13
CUST0165,Female,Yes,11752.0,377.0,Y,2023-06-14
CUST0166,Male,No,19338.0,520.0,N,2023-06-15
CUST0167,Female,,17585.0,452.0,Y,2023-06-16
CUST0168,Male,No,9291.0,614.0,N,2023-06-17
CUST0169,Male,Yes,2974.0,118.0,Y,2023-06-18
CUST0170,Female,Yes,6133.0,122.0,Y,2023-06-19
CUST0171,Female,No,16663.0,512.0,N,2023-06-20
CUST0172,Male,Yes,23754.0,129.0,Y,2023-06-21
CUST0173,Male,Yes,5972.0,207.0,Y,2023-06-22
CUST0174,Female,Yes,,466.0,Y,2023-06-23
CUST0175,Female,Yes,15913.0,380.0,Y,2023-06-24
CUST0176,Female,,11105.0,227.0,Y,2023-06-25
CUST0177,Male,Yes,10228.0,328.0,Y,2023-06-26
CUST0178,Male,No,11903.0,210.0,Y,2023-06-27
CUST0179,,Yes,5020.0,235.0,N,2023-06-28
CUST0180,Male,Yes,10987.0,,Y,2023-06-29
CUST0181,Male,No,22420.0,285.0,Y,2023-06-30
CUST0182,Male,No,23452.0,683.0,Y,2023-07-01
CUST0183,Female,No,,228.0,N,2023-07-02
CUST0184,Male,No,7233.0,360.0,Y,2023-07-03
CUST0185,Male,No,11516.0,614.0,Y,2023-07-04
CUST0186,Male,No,16559.0,548.0,Y,2023-07-05
CUST0187,Female,No,18701.0,203.0,Y,2023-07-06
CUST0188,Male,Yes,4396.0,582.0,N,2023-07-07
CUST0189,Male,Yes,20546.0,323.0,N,2023-07-08
CUST0190,Female,No,21129.0,590.0,Y,2023-07-09
CUST0191,Male,Yes,3591.0,572.0,Y,2023-07-10
CUST0192,Male,Yes,13303.0,109.0,Y,2023-07-11
CUST0193,Male,Yes,8183.0,504.0,N,2023-07-12
CUST0194,Male,No,22314.0,401.0,N,2023-07-13
CUST0195,Male,No,3312.0,330.0,Y,2023-07-14
CUST0196,Female,Yes,22695.0,165.0,N,2023-07-15
CUST0197,Female,No,9314.0,211.0,N,2023-07-16
CUST0198,Female,Yes,20767.0,112.0,Y,2023-07-17
CUST0199,Male,Yes,21623.0,492.0,Y,2023-07-18
CUST0200,Male,Yes,4139.0,599.0,Y,2023-07-19
CUST0201,Male,Yes,16688.0,,N,2023-07-20
CUST0202,Female,No,20088.0,333.0,N,2023-07-21
CUST0203,Male,No,8924.0,413.0,N,2023-07-22
CUST0204,Male,No,2362.0,665.0,N,2023-07-23
CUST0205,Female,Yes,20988.0,111.0,Y,2023-07-24
CUST0206,Male,No,15481.0,308.0,N,2023-07-25
CUST0207,Female,Yes,22670.0,113.0,N,2023-07-26
CUST0208,Female,No,,517.0,Y,2023-07-27
CUST0209,Female,Yes,4469.0,536.0,Y,2023-07-28
CUST0210,Male,Yes,23179.0,476.0,N,2023-07-29
CUST0211,Male,Yes,24534.0,119.0,Y,2023-07-30
CUST0212,Male,No,18106.0,686.0,N,2023-07-31
CUST0213,Male,No,18940.0,,Y,2023-08-01
CUST0214,Male,No,11017.0,310.0,Y,2023-08-02
CUST0215,Male,No,4808.0,200.0,N,2023-08-03
CUST0216,Male,Yes,18370.0,231.0,Y,2023-08-04
CUST0217,Female,No,23534.0,480.0,Y,2023-08-05
CUST0218,Male,No,16870.0,231.0,Y,2023-08-06
CUST0219,Female,Yes,14713.0,119.0,N,2023-08-07
CUST0220,Male,Yes,9561.0,635.0,Y,2023-08-08
CUST0221,Male,Yes,4719.0,326.0,N,2023-08-09
CUST0222,,No,24890.0,253.0,Y,2023-08-10
CUST0223,Female,Yes,13700.0,568.0,N,2023-08-11
CUST0224,Female,Yes,5741.0,504.0,N,2023-08-12
CUST0225,Female,Yes,11766.0,301.0,Y,2023-08-13
CUST0226,Female,No,5998.0,137.0,Y,2023-08-14
CUST0227,Male,Yes,20787.0,287.0,Y,2023-08-15
CUST0228,Female,No,18077.0,156.0,Y,2023-08-16
CUST0229,Male,No,2294.0,119.0,Y,2023-08-17
CUST0230,Male,Yes,,372.0,Y,2023-08-18
CUST0231,Female,Yes,23727.0,218.0,Y,2023-08-19
CUST0232,Female,No,11882.0,682.0,Y,2023-08-20
CUST0233,Female,Yes,3136.0,615.0,Y,2023-08-21
CUST0234,Female,Yes,4064.0,320.0,Y,2023-08-22
CUST0235,Female,,9009.0,625.0,N,2023-08-23
CUST0236,Female,No,14987.0,614.0,Y,2023-08-24
CUST0237,Female,Yes,6543.0,435.0,Y,2023-08-25
CUST0238,Female,No,3007.0,154.0,Y,2023-08-26
CUST0239,Male,Yes,7445.0,599.0,N,2023-08-27
CUST0240,,Yes,,635.0,N,2023-08-28
CUST0241,Female,Yes,16749.0,261.0,N,2023-08-29
CUST0242,Male,No,13718.0,693.0,N,2023-08-30
CUST0243,Female,Yes,23736.0,258.0,Y,2023-08-31
CUST0244,Male,Yes,11439.0,287.0,N,2023-09-01
CUST0245,Male,Yes,15281.0,159.0,N,2023-09-02
CUST0246,Female,No,3435.0,418.0,Y,2023-09-03
CUST0247,Male,No,2571.0,,N,2023-09-04
CUST0248,Male,No,4382.0,505.0,Y,2023-09-05
CUST0249,Male,No,7084.0,,Y,2023-09-06
CUST0250,Male,No,18661.0,175.0,Y,2023-09-07
CUST0251,Female,Yes,15507.0,641.0,Y,2023-09-08
CUST0252,Male,No,9059.0,413.0,N,2023-09-09
CUST0253,Female,No,20271.0,216.0,Y,2023-09-10
CUST0254,Male,,14771.0,118.0,Y,2023-09-11
CUST0255,Male,Yes,19649.0,531.0,Y,2023-09-12
CUST0256,Male,No,9491.0,449.0,N,2023-09-13
CUST0257,Male,No,16527.0,282.0,Y,2023-09-14
CUST0258,Female,Yes,19424.0,212.0,Y,2023-09-15
CUST0259,Female,No,16859.0,282.0,N,2023-09-16
CUST0260,Male,Yes,,580.0,N,2023-09-17
CUST0261,Male,Yes,11077.0,245.0,Y,2023-09-18
CUST0262,Female,Yes,21136.0,212.0,N,2023-09-19
CUST0263,Male,Yes,22953.0,575.0,N,2023-09-20
CUST0264,,Yes,13383.0,402.0,N,2023-09-21
CUST0265,Male,No,18378.0,217.0,Y,2023-09-22
CUST0266,Female,Yes,24737.0,260.0,Y,2023-09-23
CUST0267,Female,Yes,4353.0,500.0,Y,2023-09-24
CUST0268,Female,No,6799.0,297.0,Y,2023-09-25
CUST0269,Male,Yes,19070.0,359.0,Y,2023-09-26
CUST0270,Male,No,23195.0,146.0,Y,2023-09-27
CUST0271,Female,No,13939.0,498.0,Y,2023-09-28
CUST0272,Female,No,23730.0,658.0,Y,2023-09-29
CUST0273,Female,Yes,23427.0,177.0,Y,2023-09-30
CUST0274,Female,Yes,4428.0,223.0,N,2023-10-01
CUST0275,Male,Yes,23510.0,174.0,Y,2023-10-02
CUST0276,Female,No,13296.0,236.0,Y,2023-10-03
CUST0277,,Yes,9813.0,499.0,N,2023-10-04
CUST0278,Female,Yes,16414.0,604.0,Y,2023-10-05
CUST0279,Male,Yes,13801.0,599.0,N,2023-10-06
CUST0280,Female,,13745.0,672.0,N,2023-10-07
CUST0281,Female,,15025.0,237.0,Y,2023-10-08
CUST0282,Female,Yes,5356.0,149.0,N,2023-10-09
CUST0283,Female,Yes,16288.0,353.0,Y,2023-10-10
CUST0284,Male,Yes,8540.0,662.0,Y,2023-10-11
CUST0285,Female,Yes,18422.0,525.0,Y,2023-10-12
CUST0286,Male,No,5342.0,646.0,Y,2023-10-13
CUST0287,Male,No,11078.0,401.0,N,2023-10-14
CUST0288,Male,No,4844.0,680.0,Y,2023-10-15
CUST0289,Male,No,12396.0,448.0,Y,2023-10-16
CUST0290,Female,Yes,19482.0,148.0,Y,2023-10-17
CUST0291,Male,Yes,20207.0,173.0,Y,2023-10-18
CUST0292,Male,Yes,15998.0,360.0,Y,2023-10-19
CUST0293,Male,No,15261.0,455.0,Y,2023-10-20
CUST0294,Female,Yes,21539.0,,N,2023-10-21
CUST0295,,No,5093.0,359.0,Y,2023-10-22
CUST0296,Female,No,13722.0,394.0,Y,2023-10-23
CUST0297,Female,Yes,24042.0,412.0,Y,2023-10-24
CUST0298,Male,Yes,22162.0,281.0,Y,2023-10-25
CUST0299,Male,Yes,,463.0,N,2023-10-26
CUST0300,Female,No,13645.0,287.0,Y,2023-10-27
CUST0301,Male,,,668.0,Y,2023-10-28
CUST0302,Male,No,2988.0,642.0,Y,2023-10-29
CUST0303,Male,Yes,,695.0,N,2023-10-30
CUST0304,Female,No,8446.0,647.0,Y,2023-10-31
CUST0305,Female,No,18335.0,507.0,Y,2023-11-01
CUST0306,Male,Yes,22563.0,513.0,N,2023-11-02
CUST0307,Female,No,18133.0,441.0,Y,2023-11-03
CUST0308,Female,No,3682.0,319.0,N,2023-11-04
CUST0309,Female,Yes,7626.0,262.0,N,2023-11-05
CUST0310,Female,No,9424.0,319.0,Y,2023-11-06
CUST0311,Female,Yes,14857.0,369.0,Y,2023-11-07
CUST0312,Male,No,14155.0,499.0,Y,2023-11-08
CUST0313,Female,Yes,,281.0,Y,2023-11-09
CUST0314,Male,Yes,21982.0,304.0,N,2023-11-10
CUST0315,Male,No,13425.0,681.0,Y,2023-11-11
CUST0316,Female,No,3980.0,,Y,2023-11-12
CUST0317,Male,No,,327.0,N,2023-11-13
CUST0318,Male,No,21440.0,695.0,Y,2023-11-14
CUST0319,Male,No,10984.0,349.0,Y,2023-11-15
CUST0320,Female,Yes,19175.0,540.0,Y,2023-11-16
CUST0321,Female,No,17883.0,632.0,Y,2023-11-17
CUST0322,Male,Yes,7390.0,295.0,N,2023-11-18
CUST0323,Female,Yes,20639.0,618.0,Y,2023-11-19
CUST0324,Female,No,21994.0,,Y,2023-11-20
CUST0325,Female,Yes,3607.0,498.0,Y,2023-11-21
CUST0326,Female,Yes,23563.0,302.0,Y,2023-11-22
CUST0327,Male,Yes,8573.0,247.0,Y,2023-11-23
CUST0328,Male,Yes,,571.0,Y,2023-11-24
CUST0329,Female,No,7776.0,298.0,Y,2023-11-25
CUST0330,Female,Yes,5676.0,525.0,N,2023-11-26
CUST0331,Male,No,5380.0,591.0,Y,2023-11-27
CUST0332,Male,No,10711.0,241.0,Y,2023-11-28
CUST0333,Female,Yes,10782.0,412.0,Y,2023-11-29
CUST0334,Male,No,19434.0,264.0,N,2023-11-30
CUST0335,Female,No,15997.0,413.0,N,2023-12-01
CUST0336,Female,No,22017.0,120.0,Y,2023-12-02
CUST0337,Male,Yes,8342.0,181.0,N,2023-12-03
CUST0338,Male,No,19343.0,680.0,Y,2023-12-04
CUST0339,Female,No,8059.0,230.0,Y,2023-12-05
CUST0340,,No,10884.0,698.0,Y,2023-12-06
CUST0341,Male,,,404.0,Y,2023-12-07
CUST0342,Female,No,14091.0,470.0,N,2023-12-08
CUST0343,Male,Yes,22857.0,483.0,Y,2023-12-09
CUST0344,Female,Yes,21330.0,544.0,Y,2023-12-10
CUST0345,Male,Yes,17251.0,524.0,N,2023-12-11
CUST0346,Male,Yes,2526.0,,Y,2023-12-12
CUST0347,Male,Yes,,277.0,Y,2023-12-13
CUST0348,,Yes,17069.0,589.0,Y,2023-12-14
CUST0349,Female,No,13536.0,426.0,Y,2023-12-15
CUST0350,Male,Yes,,697.0,Y,2023-12-16
CUST0351,Female,No,20259.0,388.0,Y,2023-12-17
CUST0352,Male,No,3763.0,692.0,Y,2023-12-18
CUST0353,Male,Yes,10712.0,,Y,2023-12-19
CUST0354,Female,No,7797.0,672.0,N,2023-12-20
CUST0355,Female,No,11208.0,453.0,Y,2023-12-21
CUST0356,Male,No,7109.0,127.0,Y,2023-12-22
CUST0357,Female,No,18500.0,142.0,Y,2023-12-23
CUST0358,Female,Yes,4433.0,522.0,Y,2023-12-24
CUST0359,Male,No,23847.0,697.0,Y,2023-12-25
CUST0360,Male,Yes,,276.0,Y,2023-12-26
CUST0361,Female,No,22172.0,628.0,Y,2023-12-27
CUST0362,Male,No,6167.0,593.0,N,2023-12-28
CUST0363,Male,Yes,19773.0,297.0,Y,2023-12-29
CUST0364,Female,No,10357.0,676.0,N,2023-12-30
CUST0365,,No,8154.0,616.0,Y,2023-12-31
CUST0366,Male,No,23804.0,613.0,N,2024-01-01
CUST0367,Female,Yes,10920.0,121.0,Y,2024-01-02
CUST0368,Female,No,20427.0,211.0,N,2024-01-03
CUST0369,Male,Yes,22581.0,156.0,Y,2024-01-04
CUST0370,Male,No,21880.0,165.0,Y,2024-01-05
CUST0371,Female,Yes,19162.0,197.0,Y,2024-01-06
CUST0372,Female,Yes,2213.0,243.0,N,2024-01-07
CUST0373,Female,No,5762.0,534.0,Y,2024-01-08
CUST0374,Female,No,15399.0,185.0,Y,2024-01-09
CUST0375,Male,Yes,11768.0,,Y,2024-01-10
CUST0376,Female,Yes,12640.0,,Y,2024-01-11
CUST0377,,No,8731.0,393.0,Y,2024-01-12
CUST0378,Male,Yes,21501.0,670.0,Y,2024-01-13
CUST0379,,No,7791.0,342.0,N,2024-01-14
CUST0380,Male,No,17822.0,660.0,N,2024-01-15
CUST0381,Female,No,10783.0,131.0,N,2024-01-16
CUST0382,Female,No,15621.0,490.0,Y,2024-01-17
CUST0383,Female,Yes,,376.0,N,2024-01-18
CUST0384,Male,No,4720.0,631.0,N,2024-01-19
CUST0385,Male,Yes,10905.0,253.0,Y,2024-01-20
CUST0386,Female,No,11127.0,482.0,Y,2024-01-21
CUST0387,Male,Yes,24431.0,167.0,Y,2024-01-22
CUST0388,Male,No,18385.0,313.0,N,2024-01-23
CUST0389,Male,Yes,8368.0,475.0,Y,2024-01-24
CUST0390,Male,Yes,16056.0,312.0,Y,2024-01-25
CUST0391,,No,14236.0,178.0,Y,2024-01-26
CUST0392,Male,No,20333.0,480.0,N,2024-01-27
CUST0393,Female,No,16451.0,157.0,N,2024-01-28
CUST0394,Female,,19301.0,125.0,N,2024-01-29
CUST0395,Male,Yes,21558.0,546.0,Y,2024-01-30
CUST0396,Female,No,12433.0,,Y,2024-01-31
CUST0397,Female,Yes,17525.0,353.0,Y,2024-02-01
CUST0398,Female,Yes,2089.0,143.0,Y,2024-02-02
CUST0399,Female,No,20093.0,196.0,Y,2024-02-03
CUST0400,Male,Yes,12361.0,653.0,Y,2024-02-04
CUST0401,Female,Yes,18369.0,326.0,Y,2024-02-05
CUST0402,Female,Yes,5041.0,535.0,Y,2024-02-06
CUST0403,Male,Yes,2105.0,478.0,N,2024-02-07
CUST0404,Male,No,11078.0,277.0,Y,2024-02-08
CUST0405,Female,No,20279.0,526.0,N,2024-02-09
CUST0406,Female,No,8090.0,406.0,Y,2024-02-10
CUST0407,Female,No,8082.0,603.0,Y,2024-02-11
CUST0408,Female,Yes,19018.0,367.0,Y,2024-02-12
CUST0409,Female,Yes,3925.0,685.0,Y,2024-02-13
CUST0410,Female,No,20440.0,107.0,Y,2024-02-14
CUST0411,Male,No,8917.0,607.0,Y,2024-02-15
CUST0412,Female,No,21528.0,575.0,Y,2024-02-16
CUST0413,Female,Yes,2552.0,396.0,Y,2024-02-17
CUST0414,Male,No,23767.0,,Y,2024-02-18
CUST0415,Male,No,5911.0,584.0,N,2024-02-19
CUST0416,Male,No,5389.0,696.0,N,2024-02-20
CUST0417,Male,Yes,15629.0,171.0,N,2024-02-21
CUST0418,Female,Yes,4430.0,666.0,Y,2024-02-22
CUST0419,Female,Yes,2458.0,658.0,N,2024-02-23
CUST0420,Female,Yes,15395.0,337.0,N,2024-02-24
CUST0421,Female,Yes,2207.0,203.0,Y,2024-02-25
CUST0422,Female,Yes,2899.0,309.0,N,2024-02-26
CUST0423,Female,Yes,13653.0,653.0,Y,2024-02-27
CUST0424,Male,Yes,18405.0,567.0,N,2024-02-28
CUST0425,Female,No,10601.0,553.0,N,2024-02-29
CUST0426,Male,No,2894.0,367.0,Y,2024-03-01
CUST0427,Male,Yes,2514.0,485.0,Y,2024-03-02
CUST0428,Female,Yes,23288.0,,N,2024-03-03
CUST0429,Male,No,6109.0,358.0,Y,2024-03-04
CUST0430,Female,Yes,15258.0,382.0,Y,2024-03-05
CUST0431,Male,Yes,17313.0,139.0,N,2024-03-06
CUST0432,Female,Yes,17349.0,585.0,Y,2024-03-07
CUST0433,Male,No,9179.0,319.0,Y,2024-03-08
CUST0434,Female,No,12326.0,228.0,Y,2024-03-09
CUST0435,Female,No,13787.0,619.0,Y,2024-03-10
CUST0436,Female,No,3560.0,,Y,2024-03-11
CUST0437,Female,No,15612.0,465.0,Y,2024-03-12
CUST0438,Female,Yes,19650.0,643.0,Y,2024-03-13
CUST0439,Male,No,22022.0,623.0,Y,2024-03-14
CUST0440,Male,Yes,21811.0,115.0,N,2024-03-15
CUST0441,Male,Yes,6780.0,228.0,Y,2024-03-16
CUST0442,,No,,674.0,Y,2024-03-17
CUST0443,Male,No,13894.0,208.0,Y,2024-03-18
CUST0444,Female,Yes,4356.0,,Y,2024-03-19
CUST0445,Female,Yes,6790.0,368.0,Y,2024-03-20
CUST0446,Male,Yes,18690.0,261.0,Y,2024-03-21
CUST0447,Male,No,22049.0,359.0,N,2024-03-22
CUST0448,Female,No,12181.0,201.0,Y,2024-03-23
CUST0449,Male,,9057.0,605.0,Y,2024-03-24
CUST0450,Female,No,18082.0,670.0,Y,2024-03-25
CUST0451,Female,No,2661.0,346.0,Y,2024-03-26
CUST0452,Female,Yes,6644.0,636.0,Y,2024-03-27
CUST0453,Female,No,17711.0,230.0,Y,2024-03-28
CUST0454,Female,Yes,4920.0,452.0,Y,2024-03-29
CUST0455,Male,Yes,18002.0,295.0,N,2024-03-30
CUST0456,Male,Yes,16025.0,481.0,Y,2024-03-31
CUST0457,Female,,10946.0,326.0,Y,2024-04-01
CUST0458,Female,,14732.0,575.0,Y,2024-04-02
CUST0459,Male,No,8236.0,576.0,Y,2024-04-03
CUST0460,Male,Yes,18309.0,364.0,Y,2024-04-04
CUST0461,Female,Yes,24462.0,471.0,Y,2024-04-05
CUST0462,Male,Yes,15518.0,585.0,Y,2024-04-06
CUST0463,Female,Yes,2352.0,,Y,2024-04-07
CUST0464,Male,Yes,9005.0,310.0,Y,2024-04-08
CUST0465,Female,Yes,16036.0,671.0,Y,2024-04-09
CUST0466,Male,No,18542.0,476.0,Y,2024-04-10
CUST0467,Female,No,2956.0,494.0,Y,2024-04-11
CUST0468,Male,No,4071.0,549.0,Y,2024-04-12
CUST0469,Male,No,10595.0,463.0,N,2024-04-13
CUST0470,Female,Yes,17140.0,,Y,2024-04-14
CUST0471,Male,Yes,14803.0,325.0,N,2024-04-15
CUST0472,Female,No,5453.0,230.0,Y,2024-04-16
CUST0473,Male,Yes,,687.0,Y,2024-04-17
CUST0474,Female,No,2955.0,575.0,Y,2024-04-18
CUST0475,Male,No,8295.0,376.0,Y,2024-04-19
CUST0476,Female,No,17921.0,255.0,Y,2024-04-20
CUST0477,Male,Yes,20096.0,,N,2024-04-21
CUST0478,Female,No,17282.0,289.0,Y,2024-04-22
CUST0479,Male,No,6703.0,516.0,N,2024-04-23
CUST0480,Female,No,8563.0,645.0,Y,2024-04-24
CUST0481,Female,Yes,24015.0,,N,2024-04-25
CUST0482,,Yes,14003.0,406.0,Y,2024-04-26
CUST0483,Male,No,12817.0,437.0,N,2024-04-27
CUST0484,Female,Yes,13171.0,413.0,Y,2024-04-28
CUST0485,Male,Yes,14582.0,174.0,Y,2024-04-29
CUST0486,Female,Yes,14201.0,378.0,Y,2024-04-30
CUST0487,Male,Yes,19778.0,275.0,N,2024-05-01
CUST0488,Female,Yes,14473.0,372.0,Y,2024-05-02
CUST0489,Male,Yes,11461.0,388.0,N,2024-05-03
CUST0490,Male,,23116.0,371.0,Y,2024-05-04
CUST0491,Female,Yes,22098.0,165.0,N,2024-05-05
CUST0492,Male,Yes,17596.0,582.0,N,2024-05-06
CUST0493,Male,Yes,2529.0,,N,2024-05-07
CUST0494,Female,No,21342.0,255.0,Y,2024-05-08
CUST0495,Male,No,21975.0,146.0,Y,2024-05-09
CUST0496,Male,Yes,14765.0,553.0,N,2024-05-10
CUST0497,Male,No,15910.0,300.0,Y,2024-05-11
CUST0498,Female,No,13561.0,223.0,Y,2024-05-12
CUST0499,Male,Yes,11131.0,100.0,Y,2024-05-13
CUST0500,Female,Yes,2525.0,290.0,N,2024-05-14
CUST0501,Male,Yes,24861.0,678.0,Y,2024-05-15
CUST0502,Male,No,18385.0,615.0,Y,2024-05-16
CUST0503,Male,No,2374.0,541.0,N,2024-05-17
CUST0504,Female,Yes,14197.0,242.0,Y,2024-05-18
CUST0505,,Yes,6648.0,290.0,N,2024-05-19
CUST0506,Male,,4365.0,632.0,Y,2024-05-20
CUST0507,Female,No,19909.0,326.0,Y,2024-05-21
CUST0508,Male,No,3646.0,412.0,Y,2024-05-22
CUST0509,Female,No,2013.0,401.0,Y,2024-05-23
CUST0510,Female,,6599.0,559.0,N,2024-05-24
CUST0511,Male,Yes,4278.0,500.0,Y,2024-05-25
CUST0512,Female,Yes,16296.0,650.0,Y,2024-05-26
CUST0513,Male,,5155.0,492.0,Y,2024-05-27
CUST0514,Female,Yes,10321.0,306.0,Y,2024-05-28
CUST0515,Female,No,5814.0,309.0,Y,2024-05-29
CUST0516,,No,15125.0,214.0,Y,2024-05-30
CUST0517,Female,Yes,5216.0,350.0,Y,2024-05-31
CUST0518,Female,Yes,4113.0,318.0,N,2024-06-01
CUST0519,,No,22740.0,506.0,Y,2024-06-02
CUST0520,Female,Yes,12238.0,542.0,Y,2024-06-03
CUST0521,Female,No,15760.0,453.0,Y,2024-06-04
CUST0522,Male,Yes,23927.0,657.0,N,2024-06-05
CUST0523,,Yes,22939.0,649.0,Y,2024-06-06
CUST0524,Male,Yes,14588.0,241.0,Y,2024-06-07
CUST0525,Female,Yes,5374.0,600.0,Y,2024-06-08
CUST0526,Male,Yes,8430.0,646.0,N,2024-06-09
CUST0527,Male,Yes,21850.0,641.0,Y,2024-06-10
CUST0528,Female,Yes,21465.0,606.0,N,2024-06-11
CUST0529,Female,No,13970.0,695.0,Y,2024-06-12
CUST0530,Female,No,2629.0,380.0,Y,2024-06-13
CUST0531,Male,No,18653.0,523.0,N,2024-06-14
CUST0532,Female,No,12831.0,369.0,Y,2024-06-15
CUST0533,Male,No,7724.0,253.0,N,2024-06-16
CUST0534,Male,,24281.0,182.0,N,2024-06-17
CUST0535,Male,Yes,13083.0,525.0,N,2024-06-18
CUST0536,Female,No,15149.0,374.0,Y,2024-06-19
CUST0537,Female,Yes,21816.0,383.0,N,2024-06-20
CUST0538,Male,No,11472.0,272.0,Y,2024-06-21
CUST0539,Male,No,8276.0,426.0,N,2024-06-22
CUST0540,Female,Yes,17635.0,162.0,Y,2024-06-23
CUST0541,Male,Yes,7895.0,172.0,N,2024-06-24
CUST0542,Female,Yes,15994.0,474.0,Y,2024-06-25
CUST0543,Male,No,12552.0,607.0,Y,2024-06-26
CUST0544,Female,Yes,18959.0,497.0,Y,2024-06-27
CUST0545,,No,8099.0,219.0,N,2024-06-28
CUST0546,Female,No,11499.0,536.0,Y,2024-06-29
CUST0547,Male,No,21576.0,564.0,Y,2024-06-30
CUST0548,,Yes,5178.0,385.0,N,2024-07-01
CUST0549,Female,Yes,24436.0,364.0,Y,2024-07-02
CUST0550,Male,No,21118.0,419.0,Y,2024-07-03
CUST0551,Male,Yes,8116.0,475.0,Y,2024-07-04
CUST0552,Female,,17563.0,188.0,Y,2024-07-05
CUST0553,Male,Yes,5568.0,302.0,Y,2024-07-06
CUST0554,,No,11847.0,433.0,Y,2024-07-07
CUST0555,Male,No,16135.0,321.0,Y,2024-07-08
CUST0556,Female,Yes,20587.0,140.0,Y,2024-07-09
CUST0557,Female,No,19774.0,167.0,N,2024-07-10
CUST0558,Female,Yes,3742.0,613.0,Y,2024-07-11
CUST0559,Female,Yes,20309.0,697.0,Y,2024-07-12
CUST0560,Female,Yes,2619.0,226.0,N,2024-07-13
CUST0561,Female,Yes,19658.0,354.0,Y,2024-07-14
CUST0562,Male,No,19340.0,115.0,Y,2024-07-15
CUST0563,Male,No,3939.0,576.0,N,2024-07-16
CUST0564,Male,No,22337.0,161.0,N,2024-07-17
CUST0565,Female,,18001.0,531.0,N,2024-07-18
CUST0566,Female,Yes,,367.0,N,2024-07-19
CUST0567,Female,Yes,16846.0,134.0,N,2024-07-20
CUST0568,Female,,2281.0,675.0,Y,2024-07-21
CUST0569,,Yes,17360.0,593.0,N,2024-07-22
CUST0570,Male,No,8262.0,661.0,Y,2024-07-23
CUST0571,Female,No,3058.0,568.0,N,2024-07-24
CUST0572,Male,No,22677.0,424.0,Y,2024-07-25
CUST0573,Male,No,12724.0,403.0,Y,2024-07-26
CUST0574,Female,No,7178.0,375.0,Y,2024-07-27
CUST0575,Male,No,8980.0,300.0,N,2024-07-28
CUST0576,Female,Yes,11200.0,544.0,Y,2024-07-29
CUST0577,,Yes,3229.0,423.0,N,2024-07-30
CUST0578,Female,No,,134.0,N,2024-07-31
CUST0579,Female,No,10467.0,581.0,Y,2024-08-01
CUST0580,Female,Yes,21124.0,579.0,N,2024-08-02
CUST0581,Female,No,4289.0,164.0,N,2024-08-03
CUST0582,Male,No,3239.0,107.0,Y,2024-08-04
CUST0583,Female,Yes,7370.0,400.0,Y,2024-08-05
CUST0584,Female,No,18170.0,442.0,Y,2024-08-06
CUST0585,Female,No,2125.0,530.0,Y,2024-08-07
CUST0586,Male,No,14504.0,523.0,Y,2024-08-08
CUST0587,Female,Yes,17398.0,,N,2024-08-09
CUST0588,Male,Yes,23726.0,537.0,Y,2024-08-10
CUST0589,Female,Yes,8638.0,687.0,N,2024-08-11
CUST0590,Male,No,8570.0,273.0,Y,2024-08-12
CUST0591,Male,No,5249.0,658.0,Y,2024-08-13
CUST0592,Female,Yes,11110.0,626.0,N,2024-08-14
CUST0593,Male,No,9595.0,125.0,N,2024-08-15
CUST0594,Female,,15605.0,505.0,Y,2024-08-16
CUST0595,Female,No,14115.0,331.0,Y,2024-08-17
CUST0596,Female,No,8294.0,632.0,Y,2024-08-18
CUST0597,Male,No,24911.0,649.0,Y,2024-08-19
CUST0598,Male,Yes,7757.0,604.0,Y,2024-08-20
CUST0599,Female,No,14595.0,278.0,Y,2024-08-21
CUST0600,Female,Yes,3969.0,231.0,Y,2024-08-22
CUST0601,Male,No,12985.0,554.0,N,2024-08-23
CUST0602,Female,Yes,19275.0,447.0,Y,2024-08-24
CUST0603,Female,No,6470.0,639.0,Y,2024-08-25
CUST0604,Female,Yes,12225.0,505.0,Y,2024-08-26
CUST0605,Male,No,11556.0,175.0,N,2024-08-27
CUST0606,Male,Yes,11206.0,678.0,N,2024-08-28
CUST0607,Male,No,11991.0,591.0,Y,2024-08-29
CUST0608,Female,Yes,,293.0,N,2024-08-30
CUST0609,Female,No,15669.0,261.0,Y,2024-08-31
CUST0610,Female,Yes,6612.0,446.0,Y,2024-09-01
CUST0611,Male,Yes,14373.0,460.0,Y,2024-09-02
CUST0612,Female,No,19582.0,683.0,Y,2024-09-03
CUST0613,Female,No,17552.0,186.0,N,2024-09-04
CUST0614,Female,Yes,,361.0,N,2024-09-05
CUST0615,Female,No,7238.0,313.0,Y,2024-09-06
CUST0616,Male,,17577.0,672.0,Y,2024-09-07
CUST0617,Male,Yes,24473.0,361.0,Y,2024-09-08
CUST0618,Female,Yes,24641.0,382.0,Y,2024-09-09
CUST0619,Male,No,17504.0,566.0,Y,2024-09-10
CUST0620,Male,Yes,5719.0,479.0,Y,2024-09-11
CUST0621,Female,Yes,,461.0,Y,2024-09-12
CUST0622,Female,No,14144.0,548.0,Y,2024-09-13
CUST0623,Male,No,19370.0,540.0,Y,2024-09-14
CUST0624,Female,No,12055.0,192.0,Y,2024-09-15
CUST0625,Male,No,6440.0,523.0,N,2024-09-16
CUST0626,Female,,23293.0,241.0,Y,2024-09-17
CUST0627,Male,Yes,5072.0,390.0,N,2024-09-18
CUST0628,Female,Yes,15598.0,531.0,Y,2024-09-19
CUST0629,Male,Yes,16287.0,148.0,N,2024-09-20
CUST0630,Male,No,15965.0,401.0,N,2024-09-21
CUST0631,Male,Yes,21508.0,289.0,Y,2024-09-22
CUST0632,Female,Yes,,235.0,Y,2024-09-23
CUST0633,Male,No,15380.0,654.0,N,2024-09-24
CUST0634,Male,Yes,13865.0,503.0,Y,2024-09-25
CUST0635,Female,Yes,10125.0,440.0,Y,2024-09-26
CUST0636,Female,Yes,5291.0,417.0,Y,2024-09-27
CUST0637,Male,Yes,6033.0,462.0,Y,2024-09-28
CUST0638,Male,Yes,7105.0,481.0,Y,2024-09-29
CUST0639,Female,Yes,19087.0,,N,2024-09-30
CUST0640,Female,No,10133.0,443.0,Y,2024-10-01
CUST0641,Female,No,18958.0,648.0,Y,2024-10-02
CUST0642,Female,Yes,7704.0,652.0,N,2024-10-03
CUST0643,Female,Yes,9848.0,628.0,Y,2024-10-04
CUST0644,Male,,23592.0,670.0,N,2024-10-05
CUST0645,Female,Yes,14975.0,282.0,Y,2024-10-06
CUST0646,Male,Yes,8924.0,140.0,Y,2024-10-07
CUST0647,Male,Yes,22212.0,650.0,N,2024-10-08
CUST0648,Male,No,21614.0,496.0,Y,2024-10-09
CUST0649,Female,Yes,2488.0,593.0,N,2024-10-10
CUST0650,Male,No,9114.0,432.0,N,2024-10-11
CUST0651,Male,,17740.0,226.0,N,2024-10-12
CUST0652,Female,No,5173.0,657.0,Y,2024-10-13
CUST0653,Male,No,3667.0,656.0,N,2024-10-14
CUST0654,Male,Yes,6114.0,100.0,Y,2024-10-15
CUST0655,Female,No,5553.0,,Y,2024-10-16
CUST0656,Male,Yes,9761.0,118.0,N,2024-10-17
CUST0657,Male,No,3000.0,431.0,Y,2024-10-18
CUST0658,Male,Yes,17638.0,683.0,N,2024-10-19
CUST0659,Female,Yes,19772.0,555.0,N,2024-10-20
CUST0660,Female,No,7450.0,208.0,N,2024-10-21
CUST0661,Female,Yes,5712.0,367.0,Y,2024-10-22
CUST0662,,Yes,3367.0,544.0,N,2024-10-23
CUST0663,Male,No,10189.0,339.0,Y,2024-10-24
CUST0664,Female,Yes,11013.0,400.0,N,2024-10-25
CUST0665,Male,Yes,18838.0,202.0,Y,2024-10-26
CUST0666,Male,No,,349.0,Y,2024-10-27
CUST0667,Female,No,5726.0,552.0,Y,2024-10-28
CUST0668,Female,Yes,6806.0,619.0,Y,2024-10-29
CUST0669,Male,Yes,4190.0,252.0,Y,2024-10-30
CUST0670,Male,No,11108.0,273.0,N,2024-10-31
CUST0671,Male,No,14178.0,442.0,Y,2024-11-01
CUST0672,Female,Yes,4875.0,530.0,Y,2024-11-02
CUST0673,Female,No,7592.0,423.0,Y,2024-11-03
CUST0674,Female,Yes,19824.0,519.0,Y,2024-11-04
CUST0675,Female,,14592.0,693.0,Y,2024-11-05
CUST0676,Male,,10927.0,584.0,Y,2024-11-06
CUST0677,Female,Yes,24443.0,511.0,Y,2024-11-07
CUST0678,Female,Yes,16437.0,183.0,Y,2024-11-08
CUST0679,Female,No,13530.0,,Y,2024-11-09
CUST0680,Female,No,9010.0,431.0,Y,2024-11-10
CUST0681,Female,No,13207.0,477.0,Y,2024-11-11
CUST0682,,No,4989.0,140.0,N,2024-11-12
CUST0683,Male,Yes,14040.0,204.0,N,2024-11-13
CUST0684,Female,,11218.0,,Y,2024-11-14
CUST0685,Male,Yes,24612.0,549.0,N,2024-11-15
CUST0686,Female,Yes,8471.0,365.0,Y,2024-11-16
CUST0687,Female,No,4863.0,,Y,2024-11-17
CUST0688,Male,Yes,12693.0,662.0,N,2024-11-18
CUST0689,Male,Yes,3177.0,217.0,Y,2024-11-19
CUST0690,Female,No,6760.0,476.0,N,2024-11-20
CUST0691,Female,No,2011.0,650.0,Y,2024-11-21
CUST0692,Female,No,23636.0,639.0,Y,2024-11-22
CUST0693,Male,No,18353.0,183.0,Y,2024-11-23
CUST0694,Female,Yes,22783.0,553.0,N,2024-11-24
CUST0695,Female,Yes,13556.0,613.0,Y,2024-11-25
CUST0696,Female,No,13563.0,,N,2024-11-26
CUST0697,Male,Yes,16051.0,449.0,Y,2024-11-27
CUST0698,Female,Yes,13022.0,395.0,Y,2024-11-28
CUST0699,Female,Yes,10234.0,357.0,Y,2024-11-29
CUST0700,Male,No,23829.0,180.0,Y,2024-11-30
CUST0701,Female,Yes,18173.0,367.0,N,2024-12-01
CUST0702,Female,No,,518.0,Y,2024-12-02
CUST0703,Male,Yes,8570.0,334.0,N,2024-12-03
CUST0704,Female,Yes,2406.0,410.0,N,2024-12-04
CUST0705,Male,Yes,11206.0,456.0,Y,2024-12-05
CUST0706,Male,No,6431.0,312.0,Y,2024-12-06
CUST0707,,Yes,23627.0,673.0,Y,2024-12-07
CUST0708,Female,No,8542.0,148.0,Y,2024-12-08
CUST0709,Female,No,10906.0,226.0,Y,2024-12-09
CUST0710,Female,No,6146.0,322.0,Y,2024-12-10
CUST0711,Male,Yes,14046.0,378.0,Y,2024-12-11
CUST0712,Female,Yes,14611.0,507.0,Y,2024-12-12
CUST0713,Male,Yes,15076.0,604.0,Y,2024-12-13
CUST0714,Female,Yes,18524.0,,Y,2024-12-14
CUST0715,Female,No,6882.0,376.0,Y,2024-12-15
CUST0716,Female,No,,537.0,N,2024-12-16
CUST0717,Male,No,15645.0,206.0,Y,2024-12-17
CUST0718,Female,Yes,8012.0,519.0,Y,2024-12-18
CUST0719,Female,No,19347.0,528.0,N,2024-12-19
CUST0720,Female,Yes,9151.0,474.0,Y,2024-12-20
CUST0721,Female,No,5610.0,172.0,Y,2024-12-21
CUST0722,Male,Yes,11884.0,129.0,Y,2024-12-22
CUST0723,Female,Yes,8894.0,,Y,2024-12-23
CUST0724,Male,No,,463.0,Y,2024-12-24
CUST0725,Male,No,18489.0,550.0,Y,2024-12-25
CUST0726,Male,No,,294.0,Y,2024-12-26
CUST0727,Male,No,11873.0,255.0,Y,2024-12-27
CUST0728,Male,Yes,14289.0,271.0,N,2024-12-28
CUST0729,Male,No,14208.0,140.0,N,2024-12-29
CUST0730,Female,No,12828.0,162.0,Y,2024-12-30
CUST0731,Male,No,4137.0,122.0,N,2024-12-31
CUST0732,,Yes,22829.0,459.0,Y,2025-01-01
CUST0733,Male,Yes,21914.0,174.0,Y,2025-01-02
CUST0734,Female,No,3286.0,659.0,N,2025-01-03
CUST0735,Female,Yes,17710.0,217.0,Y,2025-01-04
CUST0736,Male,No,13371.0,479.0,Y,2025-01-05
CUST0737,Female,Yes,17945.0,389.0,Y,2025-01-06
CUST0738,Male,Yes,9052.0,539.0,Y,2025-01-07
CUST0739,Male,Yes,5654.0,106.0,N,2025-01-08
CUST0740,Female,Yes,20743.0,295.0,N,2025-01-09
CUST0741,Male,No,17600.0,520.0,N,2025-01-10
CUST0742,,No,10636.0,667.0,N,2025-01-11
CUST0743,,No,8441.0,292.0,Y,2025-01-12
CUST0744,Male,Yes,23431.0,658.0,Y,2025-01-13
CUST0745,Male,No,,247.0,Y,2025-01-14
CUST0746,,No,11667.0,301.0,Y,2025-01-15
CUST0747,Male,No,14149.0,543.0,Y,2025-01-16
CUST0748,Male,Yes,,518.0,N,2025-01-17
CUST0749,Male,Yes,11600.0,,Y,2025-01-18
CUST0750,Female,Yes,23675.0,578.0,Y,2025-01-19
CUST0751,Female,No,7495.0,574.0,Y,2025-01-20
CUST0752,Male,No,11900.0,225.0,Y,2025-01-21
CUST0753,Female,No,15673.0,494.0,N,2025-01-22
CUST0754,,Yes,13130.0,675.0,Y,2025-01-23
CUST0755,Female,Yes,24668.0,424.0,Y,2025-01-24
CUST0756,Female,No,17222.0,491.0,N,2025-01-25
CUST0757,Female,Yes,3300.0,539.0,Y,2025-01-26
CUST0758,Male,Yes,11435.0,303.0,Y,2025-01-27
CUST0759,Male,Yes,21481.0,585.0,Y,2025-01-28
CUST0760,Male,Yes,6616.0,130.0,N,2025-01-29
CUST0761,Female,No,18393.0,487.0,Y,2025-01-30
CUST0762,Female,Yes,12617.0,533.0,N,2025-01-31
CUST0763,Male,Yes,,475.0,N,2025-02-01
CUST0764,Female,Yes,11852.0,443.0,Y,2025-02-02
CUST0765,Male,Yes,8295.0,542.0,N,2025-02-03
CUST0766,Male,No,23199.0,678.0,N,2025-02-04
CUST0767,,No,19456.0,174.0,N,2025-02-05
CUST0768,Female,Yes,5225.0,656.0,N,2025-02-06
CUST0769,Female,Yes,3316.0,254.0,Y,2025-02-07
CUST0770,Male,Yes,24083.0,529.0,Y,2025-02-08
CUST0771,,Yes,14337.0,,Y,2025-02-09
CUST0772,Male,Yes,8807.0,547.0,Y,2025-02-10
CUST0773,Male,Yes,5683.0,333.0,Y,2025-02-11
CUST0774,Female,No,9227.0,662.0,N,2025-02-12
CUST0775,Female,Yes,5273.0,361.0,N,2025-02-13
CUST0776,Male,No,2145.0,224.0,Y,2025-02-14
CUST0777,Male,No,7010.0,344.0,N,2025-02-15
CUST0778,Female,Yes,18035.0,641.0,N,2025-02-16
CUST0779,Female,No,5040.0,584.0,Y,2025-02-17
CUST0780,,No,11654.0,221.0,Y,2025-02-18
CUST0781,Male,No,18866.0,224.0,Y,2025-02-19
CUST0782,Male,No,21563.0,,N,2025-02-20
CUST0783,Female,No,19633.0,269.0,Y,2025-02-21
CUST0784,Female,,19014.0,223.0,Y,2025-02-22
CUST0785,Female,Yes,16996.0,134.0,Y,2025-02-23
CUST0786,Male,No,18336.0,186.0,N,2025-02-24
CUST0787,Male,No,10853.0,300.0,N,2025-02-25
CUST0788,Female,No,13695.0,468.0,N,2025-02-26
CUST0789,Female,Yes,4852.0,176.0,N,2025-02-27
CUST0790,Male,No,18014.0,158.0,N,2025-02-28
CUST0791,Female,Yes,2987.0,530.0,N,2025-03-01
CUST0792,Female,No,9622.0,599.0,N,2025-03-02
CUST0793,Male,Yes,11160.0,208.0,N,2025-03-03
CUST0794,Female,Yes,19484.0,,Y,2025-03-04
CUST0795,Male,No,8652.0,167.0,Y,2025-03-05
CUST0796,Male,No,9421.0,168.0,Y,2025-03-06
CUST0797,Male,Yes,23400.0,264.0,Y,2025-03-07
CUST0798,Male,No,2769.0,588.0,Y,2025-03-08
CUST0799,Male,Yes,19727.0,404.0,Y,2025-03-09
CUST0800,Male,Yes,16114.0,464.0,N,2025-03-10
CUST0801,Male,,6358.0,478.0,N,2025-03-11
CUST0802,Female,Yes,24986.0,442.0,N,2025-03-12
CUST0803,Male,Yes,13543.0,653.0,Y,2025-03-13
CUST0804,Male,No,20733.0,453.0,Y,2025-03-14
CUST0805,Female,Yes,,515.0,Y,2025-03-15
CUST0806,Female,Yes,19625.0,208.0,Y,2025-03-16
CUST0807,Female,No,3125.0,662.0,Y,2025-03-17
CUST0808,Male,Yes,12793.0,596.0,Y,2025-03-18
CUST0809,Female,No,8764.0,,N,2025-03-19
CUST0810,Male,No,23485.0,482.0,N,2025-03-20
CUST0811,Male,No,14323.0,,Y,2025-03-21
CUST0812,Male,Yes,15031.0,399.0,Y,2025-03-22
CUST0813,Male,Yes,16052.0,238.0,Y,2025-03-23
CUST0814,Female,Yes,14640.0,458.0,Y,2025-03-24
CUST0815,Female,No,9843.0,,N,2025-03-25
CUST0816,Male,Yes,16210.0,484.0,Y,2025-03-26
CUST0817,Male,No,,379.0,Y,2025-03-27
CUST0818,Male,Yes,23856.0,582.0,Y,2025-03-28
CUST0819,Female,No,12106.0,210.0,Y,2025-03-29
CUST0820,Male,Yes,7189.0,238.0,Y,2025-03-30
CUST0821,Male,Yes,4472.0,534.0,N,2025-03-31
CUST0822,Female,Yes,19091.0,608.0,Y,2025-04-01
CUST0823,Female,,20188.0,372.0,Y,2025-04-02
CUST0824,Male,No,8704.0,198.0,Y,2025-04-03
CUST0825,Female,Yes,5713.0,203.0,Y,2025-04-04
CUST0826,Female,Yes,7051.0,313.0,N,2025-04-05
CUST0827,Male,No,12756.0,264.0,Y,2025-04-06
CUST0828,Female,No,4475.0,619.0,Y,2025-04-07
CUST0829,Male,No,5610.0,383.0,Y,2025-04-08
CUST0830,Female,Yes,6255.0,616.0,Y,2025-04-09
CUST0831,Male,No,16484.0,263.0,Y,2025-04-10
CUST0832,Male,,3735.0,163.0,Y,2025-04-11
CUST0833,Male,No,10258.0,190.0,Y,2025-04-12
CUST0834,Female,Yes,9979.0,216.0,N,2025-04-13
CUST0835,Male,No,4428.0,,Y,2025-04-14
CUST0836,,No,14345.0,658.0,N,2025-04-15
CUST0837,Male,No,9426.0,239.0,Y,2025-04-16
CUST0838,Male,No,10533.0,345.0,N,2025-04-17
CUST0839,Female,No,7249.0,494.0,N,2025-04-18
CUST0840,Male,Yes,23675.0,586.0,Y,2025-04-19
CUST0841,Male,,21201.0,575.0,N,2025-04-20
CUST0842,Female,No,22258.0,616.0,Y,2025-04-21
CUST0843,Male,,11686.0,283.0,N,2025-04-22
CUST0844,Male,Yes,16109.0,119.0,Y,2025-04-23
CUST0845,Male,No,22595.0,657.0,Y,2025-04-24
CUST0846,,Yes,2661.0,623.0,Y,2025-04-25
CUST0847,Female,No,14075.0,681.0,N,2025-04-26
CUST0848,Female,No,16788.0,628.0,Y,2025-04-27
CUST0849,Male,Yes,12060.0,246.0,Y,2025-04-28
CUST0850,,,17836.0,403.0,N,2025-04-29
CUST0851,Male,Yes,12526.0,681.0,N,2025-04-30
CUST0852,Female,Yes,5374.0,327.0,Y,2025-05-01
CUST0853,Male,No,2207.0,201.0,Y,2025-05-02
CUST0854,Male,Yes,4665.0,686.0,Y,2025-05-03
CUST0855,Male,No,20877.0,516.0,Y,2025-05-04
CUST0856,Male,No,2632.0,315.0,Y,2025-05-05
CUST0857,Male,Yes,5083.0,506.0,N,2025-05-06
CUST0858,Male,Yes,15711.0,498.0,Y,2025-05-07
CUST0859,Female,Yes,12123.0,598.0,Y,2025-05-08
CUST0860,Male,Yes,22103.0,564.0,Y,2025-05-09
CUST0861,Female,No,9123.0,181.0,Y,2025-05-10
CUST0862,Male,No,12754.0,464.0,Y,2025-05-11
CUST0863,Female,Yes,3679.0,262.0,Y,2025-05-12
CUST0864,Female,No,17901.0,147.0,Y,2025-05-13
CUST0865,Female,No,2236.0,610.0,N,2025-05-14
CUST0866,Male,No,9446.0,428.0,Y,2025-05-15
CUST0867,Male,No,6443.0,215.0,N,2025-05-16
CUST0868,Female,Yes,17463.0,436.0,N,2025-05-17
CUST0869,Male,Yes,24483.0,246.0,Y,2025-05-18
CUST0870,Female,No,10555.0,674.0,N,2025-05-19
CUST0871,Male,Yes,20752.0,422.0,Y,2025-05-20
CUST0872,Female,Yes,18669.0,542.0,Y,2025-05-21
CUST0873,Female,Yes,2148.0,112.0,N,2025-05-22
CUST0874,Male,No,15395.0,593.0,Y,2025-05-23
CUST0875,Female,No,22421.0,386.0,Y,2025-05-24
CUST0876,Male,No,24933.0,213.0,N,2025-05-25
CUST0877,Female,Yes,6895.0,579.0,Y,2025-05-26
CUST0878,Female,No,23664.0,121.0,Y,2025-05-27
CUST0879,Male,No,19396.0,448.0,N,2025-05-28
CUST0880,Male,Yes,13023.0,665.0,Y,2025-05-29
CUST0881,Male,No,12699.0,419.0,Y,2025-05-30
CUST0882,Female,No,11715.0,225.0,Y,2025-05-31
CUST0883,Male,Yes,21169.0,376.0,Y,2025-06-01
CUST0884,Female,Yes,22109.0,303.0,Y,2025-06-02
CUST0885,Female,Yes,18163.0,293.0,N,2025-06-03
CUST0886,Male,No,22960.0,,Y,2025-06-04
CUST0887,Male,,7782.0,,Y,2025-06-05
CUST0888,Female,No,24641.0,156.0,N,2025-06-06
CUST0889,Female,Yes,20792.0,402.0,N,2025-06-07
CUST0890,Male,Yes,,262.0,Y,2025-06-08
CUST0891,Male,No,4817.0,118.0,Y,2025-06-09
CUST0892,Male,No,17096.0,469.0,Y,2025-06-10
CUST0893,Male,Yes,20880.0,363.0,Y,2025-06-11
CUST0894,Male,Yes,24346.0,,Y,2025-06-12
CUST0895,Female,Yes,7299.0,587.0,Y,2025-06-13
CUST0896,Female,Yes,11917.0,426.0,N,2025-06-14
CUST0897,Female,No,20073.0,641.0,N,2025-06-15
CUST0898,Female,Yes,5267.0,678.0,Y,2025-06-16
CUST0899,Male,No,6406.0,164.0,Y,2025-06-17
CUST0900,Male,No,19826.0,391.0,Y,2025-06-18
CUST0901,Male,No,12382.0,124.0,Y,2025-06-19
CUST0902,Female,Yes,6437.0,648.0,Y,2025-06-20
CUST0903,,Yes,7435.0,100.0,N,2025-06-21
CUST0904,Male,,,648.0,Y,2025-06-22
CUST0905,Male,Yes,2560.0,240.0,Y,2025-06-23
CUST0906,Female,No,14329.0,287.0,N,2025-06-24
CUST0907,Female,Yes,23932.0,227.0,Y,2025-06-25
CUST0908,Male,Yes,3826.0,300.0,Y,2025-06-26
CUST0909,Male,No,,226.0,Y,2025-06-27
CUST0910,Female,Yes,14265.0,356.0,Y,2025-06-28
CUST0911,Male,No,9629.0,646.0,N,2025-06-29
CUST0912,Male,No,10325.0,293.0,Y,2025-06-30
CUST0913,Male,No,21522.0,203.0,Y,2025-07-01
CUST0914,Female,No,9693.0,634.0,Y,2025-07-02
CUST0915,Female,No,10264.0,364.0,N,2025-07-03
CUST0916,Female,No,14686.0,483.0,Y,2025-07-04
CUST0917,Female,No,15716.0,359.0,Y,2025-07-05
CUST0918,Female,No,8721.0,513.0,Y,2025-07-06
CUST0919,Female,Yes,22609.0,457.0,Y,2025-07-07
CUST0920,Female,Yes,21362.0,174.0,Y,2025-07-08
CUST0921,Male,Yes,9373.0,454.0,Y,2025-07-09
CUST0922,Male,Yes,7907.0,683.0,Y,2025-07-10
CUST0923,Male,No,24481.0,287.0,Y,2025-07-11
CUST0924,Male,Yes,18127.0,389.0,N,2025-07-12
CUST0925,Male,No,7656.0,144.0,Y,2025-07-13
CUST0926,Male,Yes,10984.0,672.0,Y,2025-07-14
CUST0927,Male,Yes,,182.0,Y,2025-07-15
CUST0928,Female,Yes,10286.0,222.0,N,2025-07-16
CUST0929,Female,No,7901.0,457.0,Y,2025-07-17
CUST0930,Male,Yes,6917.0,627.0,N,2025-07-18
CUST0931,Male,No,10429.0,165.0,N,2025-07-19
CUST0932,Female,No,16716.0,474.0,Y,2025-07-20
CUST0933,Male,Yes,,261.0,N,2025-07-21
CUST0934,Male,Yes,13138.0,479.0,Y,2025-07-22
CUST0935,Female,Yes,4530.0,457.0,Y,2025-07-23
CUST0936,Male,No,20344.0,287.0,N,2025-07-24
CUST0937,Female,Yes,19432.0,421.0,N,2025-07-25
CUST0938,Male,No,7772.0,549.0,Y,2025-07-26
CUST0939,,No,17476.0,573.0,Y,2025-07-27
CUST0940,Female,Yes,20913.0,112.0,Y,2025-07-28
CUST0941,Female,Yes,17751.0,283.0,N,2025-07-29
CUST0942,Male,No,4964.0,210.0,Y,2025-07-30
CUST0943,,No,9137.0,607.0,Y,2025-07-31
CUST0944,Male,No,19347.0,389.0,Y,2025-08-01
CUST0945,Male,Yes,18920.0,394.0,Y,2025-08-02
CUST0946,Male,No,15891.0,550.0,N,2025-08-03
CUST0947,Male,Yes,9340.0,314.0,Y,2025-08-04
CUST0948,Female,No,9967.0,666.0,N,2025-08-05
CUST0949,Female,No,14415.0,126.0,Y,2025-08-06
CUST0950,Male,Yes,13871.0,,N,2025-08-07
CUST0951,Male,No,13916.0,664.0,Y,2025-08-08
CUST0952,,Yes,10734.0,420.0,Y,2025-08-09
CUST0953,Male,Yes,2845.0,332.0,Y,2025-08-10
CUST0954,Female,No,24161.0,536.0,Y,2025-08-11
CUST0955,Male,Yes,21420.0,632.0,Y,2025-08-12
CUST0956,Male,Yes,24331.0,502.0,N,2025-08-13
CUST0957,Female,No,4494.0,152.0,Y,2025-08-14
CUST0958,Male,Yes,14677.0,412.0,Y,2025-08-15
CUST0959,Female,Yes,21103.0,380.0,Y,2025-08-16
CUST0960,Male,Yes,20268.0,130.0,Y,2025-08-17
CUST0961,Male,No,14330.0,436.0,Y,2025-08-18
CUST0962,Male,Yes,,282.0,N,2025-08-19
CUST0963,Female,No,7179.0,122.0,N,2025-08-20
CUST0964,Male,No,8610.0,643.0,Y,2025-08-21
CUST0965,Male,Yes,8430.0,545.0,Y,2025-08-22
CUST0966,Male,Yes,9154.0,173.0,Y,2025-08-23
CUST0967,Male,Yes,15828.0,109.0,Y,2025-08-24
CUST0968,Female,No,12145.0,583.0,Y,2025-08-25
CUST0969,Female,Yes,8488.0,555.0,Y,2025-08-26
CUST0970,Male,Yes,23121.0,665.0,Y,2025-08-27
CUST0971,Female,Yes,24909.0,663.0,Y,2025-08-28
CUST0972,Male,Yes,5850.0,259.0,N,2025-08-29
CUST0973,Male,Yes,19073.0,113.0,Y,2025-08-30
CUST0974,Male,No,15564.0,277.0,Y,2025-08-31
CUST0975,Female,No,23559.0,511.0,Y,2025-09-01
CUST0976,Female,Yes,7078.0,152.0,Y,2025-09-02
CUST0977,Female,Yes,14168.0,507.0,N,2025-09-03
CUST0978,Female,Yes,7448.0,121.0,N,2025-09-04
CUST0979,Female,Yes,19563.0,129.0,N,2025-09-05
CUST0980,Female,No,11074.0,359.0,Y,2025-09-06
CUST0981,Female,Yes,8406.0,304.0,N,2025-09-07
CUST0982,Female,,10800.0,158.0,Y,2025-09-08
CUST0983,Female,No,16083.0,570.0,N,2025-09-09
CUST0984,Male,Yes,3638.0,565.0,Y,2025-09-10
CUST0985,Female,No,24055.0,111.0,N,2025-09-11
CUST0986,Female,No,12340.0,389.0,N,2025-09-12
CUST0987,Female,No,3382.0,453.0,N,2025-09-13
CUST0988,Female,No,3403.0,174.0,Y,2025-09-14
CUST0989,Female,Yes,11011.0,660.0,Y,2025-09-15
CUST0990,Female,Yes,5292.0,690.0,N,2025-09-16
CUST0991,Female,No,11011.0,540.0,Y,2025-09-17
CUST0992,Female,Yes,2419.0,340.0,N,2025-09-18
CUST0993,Female,Yes,14411.0,253.0,Y,2025-09-19
CUST0994,Female,Yes,6517.0,195.0,Y,2025-09-20
CUST0995,Female,Yes,21686.0,393.0,N,2025-09-21
CUST0996,Male,Yes,17422.0,308.0,Y,2025-09-22
CUST0997,Male,,11700.0,442.0,Y,2025-09-23
CUST0998,Female,Yes,7693.0,187.0,Y,2025-09-24
CUST0999,Female,Yes,2767.0,489.0,Y,2025-09-25
CUST1000,Male,Yes,20428.0,424.0,N,2025-09-26
